version,M,N,K,seconds,gflops
naive_O3,32,32,32,0.000024,2.71
naive_O3,64,64,64,0.000419,1.25
naive_O3,128,128,128,0.003379,1.24
naive_O3,256,256,256,0.028545,1.18
naive_O3,512,512,512,0.533757,0.50
naive_O3,1024,1024,1024,8.486719,0.25
naive_O3,2048,2048,2048,126.827146,0.14
